dataset,method,seed,sequences,subjects,windows,mpjpe_1_25_mm,mpjpe_26_50_mm,mpjpe_51_75_mm,mpjpe_1_75_mm,bone_1_75_mm,bone_51_75_mm,velocity_1_75_mm,velocity_51_75_mm
bmlmovi,Controlled LSTM,42,231,11,21295,13.97972988256805,44.5742164207376,71.47308377616365,43.34234328473749,8.266618653569948,12.092384398632017,3.1568798524578265,3.227450639724579
bmlmovi,Full LTC-Topology,42,231,11,21295,17.317083156698175,43.98799981491815,62.07666941333844,41.127250542787024,5.977732479218839,8.304115380837558,2.8887088766350573,2.8557508871876136
bmlmovi,Full LTC-Topology,123,231,11,21295,17.797697880382945,44.68825111263599,62.890018530624225,41.79198868130902,6.193158443228792,8.751929680334438,3.189284689794761,3.142382631949865
bmlmovi,Full LTC-Topology,456,231,11,21295,17.34549823647612,44.21768069095133,62.40992148177843,41.32436630807635,6.232978654014989,8.696348353330663,3.097895535206775,3.0663898499509687
bmlmovi,HisRepItself,42,231,11,21295,9.215901210452508,31.832260605558115,53.01840554932974,31.355522398480137,4.923556475567868,7.377314213635281,1.6869244509511356,2.052785601240035
bmlmovi,HisRepItself,123,231,11,21295,9.038448482708242,31.792485822594355,52.29063788522783,31.040523727663494,4.593992013035089,6.849894068301896,1.6598573237337093,2.0211200935320535
bmlmovi,HisRepItself,456,231,11,21295,9.222119856506524,32.319050832779716,55.10852690475928,32.21656571154361,4.905429512169505,7.469313628096735,1.7062880812948065,2.0983766920018856
bmlmovi,LTC-Topology no rollout,42,231,11,21295,16.34530229980493,45.536583304384834,66.73463814704613,42.87217442006343,6.32717886637604,9.003451984523682,2.363468263867361,2.492856079649354
bmlmovi,LTC-Topology no rollout,123,231,11,21295,16.721531541055988,46.17897898352183,67.63731160791427,43.512607139252005,6.094511377570981,8.673172009776282,2.5168916845816454,2.6015449256343874
bmlmovi,LTC-Topology no rollout,456,231,11,21295,16.209334278197826,45.29449763276492,66.80505752543326,42.769629621013884,5.953144057718133,8.442149075981327,2.3910833696602447,2.512621760039856
cmu,Controlled LSTM,42,348,23,63643,28.093323199260443,86.30279627926156,125.28474747853261,79.89362149573456,14.376274575639833,19.7533953832826,5.057732064569966,5.419163121553297
cmu,Full LTC-Topology,42,348,23,63643,35.93504044608791,82.97189404019166,108.92619451431923,75.94437515905281,9.815505188339275,13.449086094972788,5.528072592777855,5.285212551184436
cmu,Full LTC-Topology,123,348,23,63643,36.15276220872759,81.79122940711493,105.67450641427168,74.53949865772168,9.226554812055271,12.604256060218615,5.3836558748326615,5.244622567144504
cmu,Full LTC-Topology,456,348,23,63643,35.97114115156237,82.83462103169137,106.96130421529885,75.25568830406982,9.148411569280693,12.365576415714221,5.448872353999319,5.161888319814942
cmu,HisRepItself,42,348,23,63643,18.984567293576582,58.89419380509591,89.63493425188051,55.8378982097834,7.429011705042548,10.237121500555391,3.4098321735032004,4.07107115448423
cmu,HisRepItself,123,348,23,63643,18.70771950180414,59.91391175988886,92.34783476544186,56.98982150082471,7.552708222544077,10.450323597495887,3.4754306742829963,4.1675481060922674
cmu,HisRepItself,456,348,23,63643,18.990345963472375,60.63239115518307,94.80602885473247,58.14292123221744,7.7176200503538,10.767332768235503,3.5132068890827712,4.251920962554195
cmu,HumanMAC common18 adaptation,42,348,23,63643,167.8923590604251,212.3984769071969,215.2639897615762,198.51827245829526,29.365206617384114,27.39690252875525,6.688753981085786,4.71179187994343
cmu,LTC-Topology no rollout,42,348,23,63643,33.30265318294464,82.5033192109438,109.45928300756442,75.08841743122959,9.65841270862481,13.074825820485751,4.011037286414117,4.408032166470905
cmu,LTC-Topology no rollout,123,348,23,63643,34.262056315537166,84.1913543219164,112.0671747869356,76.84019454581593,9.346355414303218,12.62635537927725,3.9845044333455655,4.4107138443376295
cmu,LTC-Topology no rollout,456,348,23,63643,32.975904167390624,81.98415002125601,109.24780357374507,74.73595161406229,9.340810303545174,12.631427917641133,3.9826626455401986,4.379088154304029
cmu,LTC-Topology w/o spine2 anchor guidance,42,348,23,63643,38.48588341485626,86.0329606453738,110.27717915581717,78.2653399953966,9.235121313224184,12.737011878272678,5.714407256837994,5.558359240048959
cmu,LTC-Topology w/o spine2 anchor guidance no rollout,42,348,23,63643,37.27119558066145,90.040931712404,118.12387502883647,81.81200014471132,8.568051065495116,11.465970938958687,4.243401482783605,4.570704434183178
cmu,MSR-GCN common18 adaptation,42,348,23,63643,20.69656530852109,69.19010693555852,103.05015176376746,64.31227415158558,9.777050744394574,14.528206541764089,3.596797198051512,4.26569739819781
cmu,Original LTC full rollout,42,348,23,63643,41.15747243002167,82.64810620812163,106.77493684017134,76.86017119942433,14.80784260306769,16.80720137574732,6.680204288362944,6.700397020041733
cmu,Original LTC no rollout,42,348,23,63643,34.91799317970959,89.96954955219852,123.62884705202566,82.83879597225194,13.154946722149052,15.689861856219194,4.525811774822398,4.879438322629576
cmu,ST-Transformer common18 adaptation,42,348,23,63643,19.484084175847034,63.531660648424165,91.98271178856899,58.33281818298939,8.777445476784832,12.916727389205544,3.331355402636599,4.007968969263099
cmu,Sensitivity equal rollout-stage weights,42,348,23,63643,35.766336115703865,80.65188817112292,104.9993835224429,73.80586880500479,9.651123521333234,13.001060981711804,5.870292510963908,5.482369406592045
cmu,Sensitivity regularizers 0.5x,42,348,23,63643,34.9714838190567,80.02428588296885,104.77830225358584,73.25802321399048,9.457812550101202,12.736225378124288,5.444770770630601,5.206390860219211
cmu,Sensitivity regularizers 2x,42,348,23,63643,35.92062397502093,82.76709822285835,109.16631098102046,75.951343636198,9.550797474639424,13.019498368348474,5.409049602168529,5.225502008501001
cmu,Sensitivity velocity loss 0,42,348,23,63643,35.065054317040875,80.0592704604737,105.43018547811621,73.51816939788444,9.363346692151021,12.600531441441383,5.665306188232568,5.404152441096347
cmu,siMLPe common18 adaptation,42,348,23,63643,25.54292132350877,83.57988857344047,115.50490920155123,74.8759057234737,14.58170197117682,20.42305285202575,3.868289325289268,4.447538993775659
kit,Controlled LSTM,42,513,10,55513,11.073896522038408,39.12230076662892,67.83391205772234,39.34336929079304,7.302959162034953,10.985918327826576,2.727281546076468,3.116866271040033
kit,Full LTC-Topology,42,513,10,55513,18.33641680101344,44.724962401412675,61.701260656334775,41.587546380916436,5.3929759988089785,7.306617371302908,3.0554932233948953,3.1621131838754297
kit,Full LTC-Topology,123,513,10,55513,18.88607926907158,45.57346298883821,61.38498588291525,41.948175790710735,4.888443460472835,6.684531312552816,2.9145933508280417,3.026313377098202
kit,Full LTC-Topology,456,513,10,55513,17.73773581735234,42.69276570146257,58.95957401861744,39.79669157320854,5.037765727558869,6.77271991456948,2.9751906270475224,3.0718996523078195
kit,HisRepItself,42,513,10,55513,7.513960792677798,26.910045073622086,44.76570515138046,26.39657004337453,3.9244986873690073,5.551047740775379,1.5258113715112886,2.000762517335793
kit,HisRepItself,123,513,10,55513,7.526697730797398,26.669724889132773,44.75304934046558,26.31649049518149,3.35901478161786,4.64166926019373,1.5020670256622841,1.969248091217929
kit,HisRepItself,456,513,10,55513,7.541462468079193,27.54023858617782,47.217267515798966,27.432989261609503,3.8921785386865815,5.571970138657121,1.576584833597567,2.093658086909516
kit,LTC-Topology no rollout,42,513,10,55513,16.765810881390085,45.56923520006899,64.94370889809508,42.426251277794705,4.813137398188852,6.515733717617532,2.0883913424536353,2.430365369570669
kit,LTC-Topology no rollout,123,513,10,55513,17.88279947912831,48.40250641947389,68.69968656753551,44.99499728074687,4.293062688532754,5.754270072587085,2.1065428587826416,2.437740986683461
kit,LTC-Topology no rollout,456,513,10,55513,16.541385460893586,45.0082264655556,63.928781010801046,41.82613087733738,4.449978701551623,5.971029017757616,2.1036515747620017,2.441517751322166
