dataset,comparison,metric,n_sequences,n_subjects,estimand,subject_balanced_mean_difference_mm,sequence_weighted_mean_difference_mm,subject_median_difference_mm,cluster_bootstrap_ci_low_mm,cluster_bootstrap_ci_high_mm,wilcoxon_statistic,wilcoxon_p,rank_biserial,subject_negative_difference_rate,holm_adjusted_p
cmu,Full LTC-Topology - HisRepItself,mpjpe_51_75_mm,348,23,subject_balanced_mean_of_within_subject_sequence_differences,14.787874738949142,14.924402423944967,13.948576750209503,9.698696111129795,20.5247672453824,12.0,1.6689300537109375e-05,0.9130434782608695,0.08695652173913043,0.00036716461181640625
cmu,Full LTC-Topology - HisRepItself,mpjpe_1_75_mm,348,23,subject_balanced_mean_of_within_subject_sequence_differences,17.510984913053825,18.256307059339587,14.798344496373794,14.060689730649184,21.706050293127525,0.0,2.384185791015625e-07,1.0,0.0,5.7220458984375e-06
cmu,Full LTC-Topology - HisRepItself,bone_1_75_mm,348,23,subject_balanced_mean_of_within_subject_sequence_differences,1.7213954775812963,1.830377197244938,1.6052091916402182,0.5498802160051411,2.7049407175183635,24.0,0.00018143653869628906,0.8260869565217391,0.08695652173913043,0.0038101673126220703
cmu,Full LTC-Topology - HisRepItself,velocity_1_75_mm,348,23,subject_balanced_mean_of_within_subject_sequence_differences,1.9327165330097547,1.9873770282469558,1.758271740295714,1.647865979543577,2.247656340950827,0.0,2.384185791015625e-07,1.0,0.0,5.7220458984375e-06
cmu,Full LTC-Topology - controlled LSTM,mpjpe_51_75_mm,348,23,subject_balanced_mean_of_within_subject_sequence_differences,-12.628292204386625,-16.358552964213384,-7.904876708984375,-21.59985794114586,-5.107968379421401,46.0,0.003874063491821289,-0.6666666666666666,0.7391304347826086,0.027118444442749023
cmu,Full LTC-Topology - controlled LSTM,mpjpe_1_75_mm,348,23,subject_balanced_mean_of_within_subject_sequence_differences,-1.3793875338921615,-3.94924633668174,0.7097702026367188,-7.284944670080736,4.090727646238545,131.0,0.8462316989898682,-0.050724637681159424,0.4782608695652174,1.0
cmu,Full LTC-Topology - controlled LSTM,bone_1_75_mm,348,23,subject_balanced_mean_of_within_subject_sequence_differences,-3.874007777783266,-4.560769387300561,-2.542453617811549,-7.003417663860608,-1.6369605547444883,32.0,0.0006387233734130859,-0.7681159420289855,0.782608695652174,0.012135744094848633
cmu,Full LTC-Topology - controlled LSTM,velocity_1_75_mm,348,23,subject_balanced_mean_of_within_subject_sequence_differences,0.523152942089789,0.470340528207889,0.5368568619300772,-0.09373850162837324,0.9679615321042939,30.0,0.00047516822814941406,0.782608695652174,0.13043478260869565,0.009503364562988281
kit,Full LTC-Topology - HisRepItself,mpjpe_51_75_mm,513,10,subject_balanced_mean_of_within_subject_sequence_differences,19.381506771696586,15.103266183407483,16.879953681450353,12.946408882826468,27.316801733432566,0.0,0.001953125,1.0,0.0,0.0234375
kit,Full LTC-Topology - HisRepItself,mpjpe_1_75_mm,513,10,subject_balanced_mean_of_within_subject_sequence_differences,16.0229487370618,14.395454648223392,16.52991247561328,11.838544722395975,20.5138095928338,0.0,0.001953125,1.0,0.0,0.0234375
kit,Full LTC-Topology - HisRepItself,bone_1_75_mm,513,10,subject_balanced_mean_of_within_subject_sequence_differences,1.7917073891721436,1.381164393055745,1.7655396838344979,0.9952350640579654,2.677783342339537,1.0,0.00390625,0.9636363636363636,0.1,0.027118444442749023
kit,Full LTC-Topology - HisRepItself,velocity_1_75_mm,513,10,subject_balanced_mean_of_within_subject_sequence_differences,1.4214441091868968,1.44693799016644,1.7088060969092334,0.9770895360993832,1.8033190011771547,0.0,0.001953125,1.0,0.0,0.0234375
kit,Full LTC-Topology - controlled LSTM,mpjpe_51_75_mm,513,10,subject_balanced_mean_of_within_subject_sequence_differences,-5.048368642069393,-6.13265140138757,-4.3246830128328515,-9.909486726900472,0.0006131522802851996,9.0,0.064453125,-0.6727272727272727,0.8,0.2578125
kit,Full LTC-Topology - controlled LSTM,mpjpe_1_75_mm,513,10,subject_balanced_mean_of_within_subject_sequence_differences,1.6404507322884885,2.244177090123389,3.7650028507376887,-2.1881482810545156,5.208202656480899,17.0,0.322265625,0.38181818181818183,0.4,0.966796875
kit,Full LTC-Topology - controlled LSTM,bone_1_75_mm,513,10,subject_balanced_mean_of_within_subject_sequence_differences,-2.587426980680131,-1.909983163225975,-1.5375176497673615,-4.005792790512185,-1.253829389589441,0.0,0.001953125,-1.0,1.0,0.0234375
kit,Full LTC-Topology - controlled LSTM,velocity_1_75_mm,513,10,subject_balanced_mean_of_within_subject_sequence_differences,0.1118048499855602,0.3282116773184272,0.3185840876318073,-0.3914721426035225,0.5883285628888745,23.0,0.6953125,0.16363636363636364,0.5,1.0
bmlmovi,Full LTC-Topology - HisRepItself,mpjpe_51_75_mm,231,11,subject_balanced_mean_of_within_subject_sequence_differences,8.986346362141411,8.986346362141411,8.234475013419027,7.34436282995519,10.815609409548903,0.0,0.0009765625,1.0,0.0,0.017578125
bmlmovi,Full LTC-Topology - HisRepItself,mpjpe_1_75_mm,231,11,subject_balanced_mean_of_within_subject_sequence_differences,9.876997898161717,9.876997898161715,9.326326418501989,8.690419993170487,11.234980524769053,0.0,0.0009765625,1.0,0.0,0.017578125
bmlmovi,Full LTC-Topology - HisRepItself,bone_1_75_mm,231,11,subject_balanced_mean_of_within_subject_sequence_differences,1.3269638585633858,1.3269638585633858,1.312648773268423,1.2036385424213314,1.4646800257211712,0.0,0.0009765625,1.0,0.0,0.017578125
bmlmovi,Full LTC-Topology - HisRepItself,velocity_1_75_mm,231,11,subject_balanced_mean_of_within_subject_sequence_differences,1.3742730818856475,1.374273081885647,1.3402380639502436,1.3215759888654677,1.4326408202150058,0.0,0.0009765625,1.0,0.0,0.017578125
bmlmovi,Full LTC-Topology - controlled LSTM,mpjpe_51_75_mm,231,11,subject_balanced_mean_of_within_subject_sequence_differences,-9.396414362825208,-9.396414362825205,-8.89151069627467,-10.635257028347674,-8.161923494301792,0.0,0.0009765625,-1.0,1.0,0.017578125
bmlmovi,Full LTC-Topology - controlled LSTM,mpjpe_1_75_mm,231,11,subject_balanced_mean_of_within_subject_sequence_differences,-2.2150927419504716,-2.215092741950471,-1.7297168700658974,-3.107559661176626,-1.3841122899071874,1.0,0.001953125,-0.9696969696969697,0.9090909090909091,0.0234375
bmlmovi,Full LTC-Topology - controlled LSTM,bone_1_75_mm,231,11,subject_balanced_mean_of_within_subject_sequence_differences,-2.2888861743511075,-2.288886174351107,-2.1698753165710554,-2.6292603371922048,-1.9733958855668943,0.0,0.0009765625,-1.0,1.0,0.017578125
bmlmovi,Full LTC-Topology - controlled LSTM,velocity_1_75_mm,231,11,subject_balanced_mean_of_within_subject_sequence_differences,-0.268170975822769,-0.26817097582276905,-0.2471924438888243,-0.43792539615256615,-0.10526536648345641,5.0,0.009765625,-0.8484848484848485,0.9090909090909091,0.048828125
