dataset,subject_id,split,num_sequences,num_windows_25in25out_stride5,num_windows_25in75out_stride5
CMU,CMU:01,val,10,8052,7952
CMU,CMU:02,val,10,2469,2369
CMU,CMU:05,train,20,3533,3333
CMU,CMU:06,val,14,2436,2296
CMU,CMU:07,train,12,761,641
CMU,CMU:08,train,10,559,459
CMU,CMU:09,test,12,579,459
CMU,CMU:10,test,5,501,451
CMU,CMU:102,val,30,1357,1057
CMU,CMU:103,val,7,771,701
CMU,CMU:105,train,60,20271,19671
CMU,CMU:106,val,34,3182,2847
CMU,CMU:107,train,14,1273,1133
CMU,CMU:108,train,28,1959,1679
CMU,CMU:11,train,1,110,100
CMU,CMU:111,train,38,9647,9267
CMU,CMU:113,test,29,7718,7428
CMU,CMU:114,test,16,8004,7844
CMU,CMU:115,test,10,769,669
CMU,CMU:118,train,32,4006,3686
CMU,CMU:12,val,4,3874,3834
CMU,CMU:120,train,20,10599,10399
CMU,CMU:122,train,68,8597,7917
CMU,CMU:123,test,13,2454,2324
CMU,CMU:124,val,10,1647,1547
CMU,CMU:125,val,5,4053,4003
CMU,CMU:126,test,14,6040,5900
CMU,CMU:127,train,36,1896,1536
CMU,CMU:128,train,11,467,357
CMU,CMU:13,train,42,21369,20949
CMU,CMU:131,train,14,3388,3248
CMU,CMU:132,train,49,17326,16836
CMU,CMU:133,val,26,4831,4571
CMU,CMU:135,test,10,4577,4477
CMU,CMU:136,test,30,6895,6595
CMU,CMU:137,train,41,21781,21371
CMU,CMU:138,test,17,1502,1332
CMU,CMU:139,val,32,6799,6479
CMU,CMU:140,train,7,1811,1741
CMU,CMU:141,test,34,3182,2847
CMU,CMU:142,train,18,13265,13085
CMU,CMU:143,test,41,5253,4843
CMU,CMU:144,train,30,18156,17856
CMU,CMU:15,train,14,29058,28918
CMU,CMU:16,train,2,83,63
CMU,CMU:17,train,9,10524,10434
CMU,CMU:24,test,1,405,395
CMU,CMU:25,train,1,314,304
CMU,CMU:26,train,5,2655,2605
CMU,CMU:27,train,11,7857,7747
CMU,CMU:28,train,17,13850,13680
CMU,CMU:29,train,25,24398,24148
CMU,CMU:30,train,22,20780,20560
CMU,CMU:31,train,19,18725,18535
CMU,CMU:32,train,22,18873,18653
CMU,CMU:35,test,34,3884,3544
CMU,CMU:36,train,36,28795,28435
CMU,CMU:37,test,1,93,83
CMU,CMU:38,test,4,1996,1956
CMU,CMU:39,test,14,1062,922
CMU,CMU:40,train,11,13781,13671
CMU,CMU:41,train,10,12306,12206
CMU,CMU:43,val,3,405,375
CMU,CMU:45,val,1,82,72
CMU,CMU:46,test,1,114,104
CMU,CMU:47,val,1,254,244
CMU,CMU:49,val,22,4292,4072
CMU,CMU:54,train,27,18893,18623
CMU,CMU:55,train,28,27902,27622
CMU,CMU:56,train,8,9054,8974
CMU,CMU:60,train,14,5639,5499
CMU,CMU:61,test,8,3056,2976
CMU,CMU:62,val,25,6634,6384
CMU,CMU:63,train,30,2732,2432
CMU,CMU:64,val,30,2732,2432
CMU,CMU:70,val,9,1760,1670
CMU,CMU:73,test,9,1760,1670
CMU,CMU:74,test,20,1758,1558
CMU,CMU:75,val,19,1857,1667
CMU,CMU:76,test,10,1927,1827
CMU,CMU:77,val,34,7689,7349
CMU,CMU:78,train,31,1383,1073
CMU,CMU:79,train,96,15548,14588
CMU,CMU:80,train,73,21638,20908
CMU,CMU:82,test,16,3599,3439
CMU,CMU:83,train,68,8597,7917
CMU,CMU:84,train,20,1758,1558
CMU,CMU:85,train,14,4650,4510
CMU,CMU:86,train,15,23182,23032
CMU,CMU:87,train,1,114,104
CMU,CMU:88,val,8,734,654
CMU,CMU:89,val,2,520,500
CMU,CMU:90,train,31,5049,4739
CMU,CMU:91,train,61,21006,20396
CMU,CMU:93,val,7,771,701
CMU,CMU:94,train,12,7494,7374
KIT,KIT:10,val,50,5063,4563
KIT,KIT:11,train,59,6426,5836
KIT,KIT:1226,train,85,24969,24119
KIT,KIT:1229,test,102,8694,7674
KIT,KIT:1297,test,15,4847,4697
KIT,KIT:1346,train,22,19661,19441
KIT,KIT:1487,val,16,2894,2734
KIT,KIT:1717,train,108,15245,14165
KIT,KIT:1747,train,108,15245,14165
KIT,KIT:200,train,19,1831,1641
KIT,KIT:205,test,47,4296,3826
KIT,KIT:291,train,96,9837,8877
KIT,KIT:3,train,600,94214,88214
KIT,KIT:314,test,111,11607,10509
KIT,KIT:348,test,108,10544,9465
KIT,KIT:359,train,119,13181,11991
KIT,KIT:378,train,78,6857,6077
KIT,KIT:379,val,77,5994,5224
KIT,KIT:4,test,46,5501,5041
KIT,KIT:423,train,34,4651,4311
KIT,KIT:424,train,159,20372,18787
KIT,KIT:425,train,130,15673,14373
KIT,KIT:441,val,27,9960,9690
KIT,KIT:442,train,53,12951,12421
KIT,KIT:471,test,10,1963,1863
KIT,KIT:513,train,152,19256,17736
KIT,KIT:551,train,74,11107,10367
KIT,KIT:572,train,320,43180,39980
KIT,KIT:576,train,4,13650,13610
KIT,KIT:6,val,50,5541,5041
KIT,KIT:63,train,1,42,32
KIT,KIT:674,train,69,32037,31347
KIT,KIT:675,val,35,12853,12503
KIT,KIT:7,val,60,6771,6171
KIT,KIT:725,test,1,674,664
KIT,KIT:8,test,50,6088,5588
KIT,KIT:9,train,135,14049,12700
KIT,KIT:912,train,16,5158,4998
KIT,KIT:917,val,4,7738,7698
KIT,KIT:948,train,23,3857,3627
KIT,KIT:950,val,25,3868,3618
KIT,KIT:952,test,29,6476,6186
KIT,KIT:955,train,27,5723,5453
KIT,KIT:965,train,8,15407,15327
KIT,KIT:969,train,84,40564,39724
KIT,KIT:987,train,12,18808,18688
BMLmovi,BMLmovi:Subject_01,val,21,2182,1972
BMLmovi,BMLmovi:Subject_02,test,21,1414,1204
BMLmovi,BMLmovi:Subject_03,val,21,1685,1475
BMLmovi,BMLmovi:Subject_04,train,21,1617,1407
BMLmovi,BMLmovi:Subject_05,test,21,1805,1595
BMLmovi,BMLmovi:Subject_06,val,21,1957,1747
BMLmovi,BMLmovi:Subject_07,val,21,1520,1310
BMLmovi,BMLmovi:Subject_08,train,20,1892,1692
BMLmovi,BMLmovi:Subject_09,train,21,2815,2605
BMLmovi,BMLmovi:Subject_11,train,19,2798,2608
BMLmovi,BMLmovi:Subject_12,train,20,2835,2635
BMLmovi,BMLmovi:Subject_13,train,21,2957,2747
BMLmovi,BMLmovi:Subject_14,val,21,2397,2187
BMLmovi,BMLmovi:Subject_15,train,21,2707,2497
BMLmovi,BMLmovi:Subject_16,train,21,2202,1992
BMLmovi,BMLmovi:Subject_17,train,21,1965,1755
BMLmovi,BMLmovi:Subject_18,train,21,2672,2462
BMLmovi,BMLmovi:Subject_19,val,21,2423,2213
BMLmovi,BMLmovi:Subject_20,train,21,2577,2367
BMLmovi,BMLmovi:Subject_21,test,21,2247,2037
BMLmovi,BMLmovi:Subject_22,train,21,2112,1902
BMLmovi,BMLmovi:Subject_23,test,21,2104,1894
BMLmovi,BMLmovi:Subject_24,train,21,2263,2053
BMLmovi,BMLmovi:Subject_25,test,21,1941,1731
BMLmovi,BMLmovi:Subject_26,train,21,2568,2358
BMLmovi,BMLmovi:Subject_27,train,21,2362,2152
BMLmovi,BMLmovi:Subject_28,test,21,2144,1934
BMLmovi,BMLmovi:Subject_29,val,21,2065,1855
BMLmovi,BMLmovi:Subject_30,train,21,2920,2710
BMLmovi,BMLmovi:Subject_31,train,21,2788,2578
BMLmovi,BMLmovi:Subject_32,train,21,2898,2688
BMLmovi,BMLmovi:Subject_33,val,21,2225,2015
BMLmovi,BMLmovi:Subject_34,test,21,2391,2181
BMLmovi,BMLmovi:Subject_35,train,21,3213,3003
BMLmovi,BMLmovi:Subject_36,train,22,2591,2371
BMLmovi,BMLmovi:Subject_37,train,21,2940,2730
BMLmovi,BMLmovi:Subject_38,train,21,3131,2921
BMLmovi,BMLmovi:Subject_39,train,21,2850,2640
BMLmovi,BMLmovi:Subject_40,train,21,3166,2956
BMLmovi,BMLmovi:Subject_41,train,20,2724,2524
BMLmovi,BMLmovi:Subject_42,train,21,2960,2750
BMLmovi,BMLmovi:Subject_43,train,21,3085,2875
BMLmovi,BMLmovi:Subject_44,train,21,2944,2734
BMLmovi,BMLmovi:Subject_45,train,21,2313,2103
BMLmovi,BMLmovi:Subject_46,train,21,2624,2414
BMLmovi,BMLmovi:Subject_47,train,21,3155,2945
BMLmovi,BMLmovi:Subject_48,train,21,3110,2900
BMLmovi,BMLmovi:Subject_49,train,21,3090,2880
BMLmovi,BMLmovi:Subject_50,train,21,3114,2904
BMLmovi,BMLmovi:Subject_51,train,21,2896,2686
BMLmovi,BMLmovi:Subject_52,train,21,3045,2835
BMLmovi,BMLmovi:Subject_53,train,21,2894,2684
BMLmovi,BMLmovi:Subject_54,train,21,2937,2727
BMLmovi,BMLmovi:Subject_55,train,21,2823,2613
BMLmovi,BMLmovi:Subject_56,train,21,2647,2437
BMLmovi,BMLmovi:Subject_57,train,20,3141,2941
BMLmovi,BMLmovi:Subject_58,train,21,3326,3116
BMLmovi,BMLmovi:Subject_59,train,21,3370,3160
BMLmovi,BMLmovi:Subject_60,train,21,2761,2551
BMLmovi,BMLmovi:Subject_61,train,21,3147,2937
BMLmovi,BMLmovi:Subject_62,train,21,2570,2360
BMLmovi,BMLmovi:Subject_63,train,21,2582,2372
BMLmovi,BMLmovi:Subject_64,train,21,2704,2494
BMLmovi,BMLmovi:Subject_65,train,21,2770,2560
BMLmovi,BMLmovi:Subject_66,train,21,3072,2862
BMLmovi,BMLmovi:Subject_67,train,21,2786,2576
BMLmovi,BMLmovi:Subject_68,test,21,2326,2116
BMLmovi,BMLmovi:Subject_69,train,21,2924,2714
BMLmovi,BMLmovi:Subject_70,test,21,2288,2078
BMLmovi,BMLmovi:Subject_71,test,21,2501,2291
BMLmovi,BMLmovi:Subject_72,train,21,2639,2429
BMLmovi,BMLmovi:Subject_73,train,21,3017,2807
BMLmovi,BMLmovi:Subject_74,val,21,2505,2295
BMLmovi,BMLmovi:Subject_75,train,21,3126,2916
BMLmovi,BMLmovi:Subject_76,train,21,2904,2694
BMLmovi,BMLmovi:Subject_77,train,21,3030,2820
BMLmovi,BMLmovi:Subject_78,test,21,2444,2234
BMLmovi,BMLmovi:Subject_79,train,21,2525,2315
BMLmovi,BMLmovi:Subject_80,train,21,2845,2635
BMLmovi,BMLmovi:Subject_81,train,21,2699,2489
BMLmovi,BMLmovi:Subject_82,train,21,2740,2530
BMLmovi,BMLmovi:Subject_83,val,21,2309,2099
BMLmovi,BMLmovi:Subject_84,train,21,2692,2482
BMLmovi,BMLmovi:Subject_85,train,21,2966,2756
BMLmovi,BMLmovi:Subject_86,train,21,2472,2262
BMLmovi,BMLmovi:Subject_87,train,21,2416,2206
BMLmovi,BMLmovi:Subject_88,val,21,2332,2122
BMLmovi,BMLmovi:Subject_89,train,21,3009,2799
BMLmovi,BMLmovi:Subject_90,train,21,2932,2722
