dataset,method,seed,best_epoch,best_validation,final_validation,final_minus_best,unit
cmu,Full LTC-Topology,42,3,0.6328670492482675,0.6641731333983824,0.03130608415011482,normalized MPJPE
cmu,Full LTC-Topology,123,3,0.6307055337071359,0.6789502244362327,0.04824469072909676,normalized MPJPE
cmu,Full LTC-Topology,456,1,0.6221497814169614,0.6491865716384873,0.02703679022152583,normalized MPJPE
cmu,HisRepItself,42,30,19.479248060782542,19.479248060782542,0.0,MPJPE (mm)
cmu,HisRepItself,123,30,19.257017943591627,19.257017943591627,0.0,MPJPE (mm)
cmu,HisRepItself,456,29,19.49040090455017,19.57072886261787,0.08032795806769855,MPJPE (mm)
kit,Full LTC-Topology,42,3,0.2906541789052022,0.2965308524300386,0.005876673524836451,normalized MPJPE
kit,Full LTC-Topology,123,2,0.3037863676038446,0.3154989606669762,0.011712593063131604,normalized MPJPE
kit,Full LTC-Topology,456,13,0.29360773305742416,0.29897192125706373,0.005364188199639575,normalized MPJPE
kit,HisRepItself,42,25,6.433068473456714,6.484737830715092,0.05166935725837796,MPJPE (mm)
kit,HisRepItself,123,30,6.545192822749651,6.545192822749651,0.0,MPJPE (mm)
kit,HisRepItself,456,26,6.512016271751992,6.534857506978481,0.02284123522648951,MPJPE (mm)
bmlmovi,Full LTC-Topology,42,9,0.36547477362216385,0.37299790081842343,0.0075231271962595825,normalized MPJPE
bmlmovi,Full LTC-Topology,123,7,0.3701040737110441,0.3766875810511743,0.00658350734013019,normalized MPJPE
bmlmovi,Full LTC-Topology,456,9,0.367889787740358,0.37682997053668443,0.008940182796326412,normalized MPJPE
bmlmovi,HisRepItself,42,27,9.940049389661368,10.002243140592414,0.062193750931045955,MPJPE (mm)
bmlmovi,HisRepItself,123,30,9.70660082606946,9.70660082606946,0.0,MPJPE (mm)
bmlmovi,HisRepItself,456,29,9.987446825059793,10.02867484852419,0.04122802346439691,MPJPE (mm)
