dataset,method,seed,horizon_frames,batch_size,parameters,latency_ms_per_sequence,throughput_sequences_per_second,peak_memory_single_mb,peak_memory_batch_mb,device
cmu,Full LTC-Topology,42,75,64,1812995,29.362870001932606,1631.0239097621734,40.4326171875,115.05517578125,cuda
cmu,HisRepItself,42,75,64,3188048,50.88074000086635,1131.1843305627478,48.6875,85.4658203125,cuda
cmu,Controlled LSTM,42,75,64,1259078,3.723690001061186,16629.510103556597,57.18212890625,69.11865234375,cuda
cmu,MSR-GCN common18 adaptation,42,75,64,1002134,4.0385550004430115,12927.229796781905,36.34716796875,47.32470703125,cuda
cmu,ST-Transformer common18 adaptation,42,75,64,4034307,4.465070000151172,504.9343526246574,52.57080078125,358.08447265625,cuda
cmu,siMLPe common18 adaptation,42,75,64,2133298,3.123530000448227,8529.60873431386,40.79052734375,60.31982421875,cuda
cmu,HumanMAC common18 adaptation,42,75,64,1831939,250.24168000090867,17.46617185942863,48.396484375,296.111328125,cuda
kit,Full LTC-Topology,42,75,64,1812995,29.20250499737449,1696.2685405883524,40.4326171875,115.05517578125,cuda
kit,HisRepItself,42,75,64,3188048,50.64880000136327,1122.0096033373181,48.6875,85.4658203125,cuda
kit,Controlled LSTM,42,75,64,1259078,3.758604999165982,15985.293531020827,57.18212890625,69.11865234375,cuda
bmlmovi,Full LTC-Topology,42,75,64,1812995,27.924524998525158,1709.8501798105542,40.4326171875,115.05517578125,cuda
bmlmovi,HisRepItself,42,75,64,3188048,51.14188000152353,1125.5753405045705,48.755859375,85.4658203125,cuda
bmlmovi,Controlled LSTM,42,75,64,1259078,3.555410000262782,15849.371538248537,57.18212890625,69.11865234375,cuda
